"reference","slug","module_reference","part_reference","concept_reference","title","description","order","directory","permalink"
"rappel-javascript-algorithme-introduction","introduction","sas","rappel-javascript-algorithme","","Introduction","","1","rappel-javascript-algorithme","rappel-javascript-algorithme/introduction"
"rappel-javascript-algorithme-mini-projet-gestion-compétences","mini-projet-gestion-compétences","sas","rappel-javascript-algorithme","","Mini-projet : Gestion compétences","","2","rappel-javascript-algorithme","rappel-javascript-algorithme/mini-projet-gestion-compétences"
"rappel-javascript-algorithme-apprentissage","apprentissage","sas","rappel-javascript-algorithme","","Apprentissage","","3","rappel-javascript-algorithme","rappel-javascript-algorithme/apprentissage"
"rappel-javascript-algorithme-javascript-asynchrone","javascript-asynchrone","sas","rappel-javascript-algorithme","javascript-asynchrone","JavaScript Asynchrone","","4","rappel-javascript-algorithme","rappel-javascript-algorithme/javascript-asynchrone"
"rappel-javascript-algorithme-créer-une-application-console-avec-nodejs","créer-une-application-console-avec-nodejs","sas","rappel-javascript-algorithme","créer-une-application-console-avec-nodejs","Créer une application console avec Node.js","","5","rappel-javascript-algorithme","rappel-javascript-algorithme/créer-une-application-console-avec-nodejs"
"rappel-javascript-algorithme-lire-et-enregistrer-un-tableau-javascript-dans-un-fichier-json","lire-et-enregistrer-un-tableau-javascript-dans-un-fichier-json","sas","rappel-javascript-algorithme","lire-et-enregistrer-un-tableau-javascript-dans-un-fichier-json","Lire et enregistrer un tableau JavaScript dans un fichier JSON","","6","rappel-javascript-algorithme","rappel-javascript-algorithme/lire-et-enregistrer-un-tableau-javascript-dans-un-fichier-json"
"rappel-javascript-algorithme-algorithmes-de-base","algorithmes-de-base","sas","rappel-javascript-algorithme","algorithmes-de-base","Algorithmes de Base à Maîtriser pour Débuter en Programmation","","7","rappel-javascript-algorithme","rappel-javascript-algorithme/algorithmes-de-base"
"rappel-javascript-algorithme-algorithmes-essentiels-en-javascript","algorithmes-essentiels-en-javascript","sas","rappel-javascript-algorithme","algorithmes-essentiels-en-javascript","Les Algorithmes Essentiels en JavaScript","","8","rappel-javascript-algorithme","rappel-javascript-algorithme/algorithmes-essentiels-en-javascript"
"rappel-javascript-algorithme-exercices-algorithme","exercices-algorithme","sas","rappel-javascript-algorithme","","Exercices algorithme","","9","rappel-javascript-algorithme","rappel-javascript-algorithme/exercices-algorithme"
"rappel-javascript-algorithme-conception","conception","sas","rappel-javascript-algorithme","","Conception","","10","rappel-javascript-algorithme","rappel-javascript-algorithme/conception"
"rappel-javascript-algorithme-réalisation","réalisation","sas","rappel-javascript-algorithme","","Réalisation","","11","rappel-javascript-algorithme","rappel-javascript-algorithme/réalisation"
"rappel-javascript-algorithme-conclusion","conclusion","sas","rappel-javascript-algorithme","","Conclusion","","12","rappel-javascript-algorithme","rappel-javascript-algorithme/conclusion"
"maîtrisez-poo-php-introduction","introduction","sas","maîtrisez-poo-php","","Introduction","","13","maîtrisez-poo-php","maîtrisez-poo-php/introduction"
"maîtrisez-poo-php-apprentissage","apprentissage","sas","maîtrisez-poo-php","","Apprentissage","","14","maîtrisez-poo-php","maîtrisez-poo-php/apprentissage"
"maîtrisez-poo-php-mini-projet-application-console","mini-projet-application-console","sas","maîtrisez-poo-php","","Mini-projet: Application console","","15","maîtrisez-poo-php","maîtrisez-poo-php/mini-projet-application-console"
"maîtrisez-poo-php-concepts-de-base-de-la-poo","concepts-de-base-de-la-poo","sas","maîtrisez-poo-php","concepts-de-base-de-la-poo","Concepts de base de la POO","","16","maîtrisez-poo-php","maîtrisez-poo-php/concepts-de-base-de-la-poo"
"maîtrisez-poo-php-encapsulation","encapsulation","sas","maîtrisez-poo-php","encapsulation","Encapsulation","","17","maîtrisez-poo-php","maîtrisez-poo-php/encapsulation"
"maîtrisez-poo-php-héritage","héritage","sas","maîtrisez-poo-php","héritage","Héritage","","18","maîtrisez-poo-php","maîtrisez-poo-php/héritage"
"maîtrisez-poo-php-polymorphisme","polymorphisme","sas","maîtrisez-poo-php","polymorphisme","Polymorphisme","","19","maîtrisez-poo-php","maîtrisez-poo-php/polymorphisme"
"maîtrisez-poo-php-relations-entre-objets","relations-entre-objets","sas","maîtrisez-poo-php","relations-entre-objets","Relations entre objets 
","","20","maîtrisez-poo-php","maîtrisez-poo-php/relations-entre-objets"
"maîtrisez-poo-php-application-console-en-php","application-console-en-php","sas","maîtrisez-poo-php","application-console-en-php","Application console en PHP ","","21","maîtrisez-poo-php","maîtrisez-poo-php/application-console-en-php"
"maîtrisez-poo-php-sérialisation-php","sérialisation-php","sas","maîtrisez-poo-php","sérialisation-php","Sérialisation PHP ","","22","maîtrisez-poo-php","maîtrisez-poo-php/sérialisation-php"
"maîtrisez-poo-php-conclusion","conclusion","sas","maîtrisez-poo-php","","Conclusion","","23","maîtrisez-poo-php","maîtrisez-poo-php/conclusion"
"lancement-projets-fils-rouges-introduction","introduction","pff","lancement-projets-fils-rouges","","Introduction","","24","lancement-projets-fils-rouges","lancement-projets-fils-rouges/introduction"
"lancement-projets-fils-rouges-conclusion","conclusion","pff","lancement-projets-fils-rouges","","Conclusion","","38","lancement-projets-fils-rouges","lancement-projets-fils-rouges/conclusion"
"bienvenue-kotlin-android-introduction","introduction","mobile","bienvenue-kotlin-android","","Introduction","","24","bienvenue-kotlin-android","bienvenue-kotlin-android/introduction"
"bienvenue-kotlin-android-conclusion","conclusion","mobile","bienvenue-kotlin-android","","Conclusion","","38","bienvenue-kotlin-android","bienvenue-kotlin-android/conclusion"
"fondamentaux-kotlin-introduction","introduction","mobile","fondamentaux-kotlin","","Introduction","","40","fondamentaux-kotlin","fondamentaux-kotlin/introduction"
"fondamentaux-kotlin-conclusion","conclusion","mobile","fondamentaux-kotlin","","Conclusion","","49","fondamentaux-kotlin","fondamentaux-kotlin/conclusion"
"univers-laravel-introduction","introduction","back-end","univers-laravel","","Introduction","","50","univers-laravel","univers-laravel/introduction"
"univers-laravel-apprentissage","apprentissage","back-end","univers-laravel","","Apprentissage","","52","univers-laravel","univers-laravel/apprentissage"
"univers-laravel-mini-projet","mini-projet","back-end","univers-laravel","","Mini-Projet","","51","univers-laravel","univers-laravel/mini-projet"
"univers-laravel-conclusion","conclusion","back-end","univers-laravel","","Conclusion","","59","univers-laravel","univers-laravel/conclusion"
"maîtrise-eloquent-introduction","introduction","back-end","maîtrise-eloquent","","Introduction","","60","maîtrise-eloquent","maîtrise-eloquent/introduction"
"maîtrise-eloquent-apprentissage","apprentissage","back-end","maîtrise-eloquent","","Apprentissage","","62","maîtrise-eloquent","maîtrise-eloquent/apprentissage"
"maîtrise-eloquent-mini-projet","mini-projet","back-end","maîtrise-eloquent","","Mini-Projet","","61","maîtrise-eloquent","maîtrise-eloquent/mini-projet"
"maîtrise-eloquent-conclusion","conclusion","back-end","maîtrise-eloquent","","Conclusion","","69","maîtrise-eloquent","maîtrise-eloquent/conclusion"
"analyse-conception-introduction","introduction","ux-ui","analyse-conception","","Introduction","","70","analyse-conception","analyse-conception/introduction"
"analyse-conception-apprentissage","apprentissage","ux-ui","analyse-conception","","Apprentissage","","72","analyse-conception","analyse-conception/apprentissage"
"analyse-conception-mini-projet","mini-projet","ux-ui","analyse-conception","","Mini-Projet","","71","analyse-conception","analyse-conception/mini-projet"
"analyse-conception-conclusion","conclusion","ux-ui","analyse-conception","","Conclusion","","109","analyse-conception","analyse-conception/conclusion"
"concepts-avancés-kotlin-introduction","introduction","mobile","concepts-avancés-kotlin","","Introduction","","110","concepts-avancés-kotlin","concepts-avancés-kotlin/introduction"
"concepts-avancés-kotlin-mini-projet","mini-projet","mobile","concepts-avancés-kotlin","","Mini-Projet","","111","concepts-avancés-kotlin","concepts-avancés-kotlin/mini-projet"
"concepts-avancés-kotlin-apprentissage","apprentissage","mobile","concepts-avancés-kotlin","","Apprentissage","","112","concepts-avancés-kotlin","concepts-avancés-kotlin/apprentissage"
"concepts-avancés-kotlin-conclusion","conclusion","mobile","concepts-avancés-kotlin","","Conclusion","","119","concepts-avancés-kotlin","concepts-avancés-kotlin/conclusion"
"applications-android-époustouflantes-introduction","introduction","mobile","applications-android-époustouflantes","","Introduction","","120","applications-android-époustouflantes","applications-android-époustouflantes/introduction"
"applications-android-époustouflantes-mini-projet","mini-projet","mobile","applications-android-époustouflantes","","Mini-Projet","","121","applications-android-époustouflantes","applications-android-époustouflantes/mini-projet"
"applications-android-époustouflantes-apprentissage","apprentissage","mobile","applications-android-époustouflantes","","Apprentissage","","122","applications-android-époustouflantes","applications-android-époustouflantes/apprentissage"
"applications-android-époustouflantes-conclusion","conclusion","mobile","applications-android-époustouflantes","","Conclusion","","129","applications-android-époustouflantes","applications-android-époustouflantes/conclusion"
"formulaires-et-sessions-projet-final-introduction","introduction","back-end","formulaires-et-sessions-projet-final","","Introduction","","130","formulaires-et-sessions-projet-final","formulaires-et-sessions-projet-final/introduction"
"formulaires-et-sessions-projet-final-mini-projet","mini-projet","back-end","formulaires-et-sessions-projet-final","","Mini-Projet","","131","formulaires-et-sessions-projet-final","formulaires-et-sessions-projet-final/mini-projet"
"formulaires-et-sessions-projet-final-apprentissage","apprentissage","back-end","formulaires-et-sessions-projet-final","","Apprentissage","","132","formulaires-et-sessions-projet-final","formulaires-et-sessions-projet-final/apprentissage"
"formulaires-et-sessions-projet-final-conclusion","conclusion","back-end","formulaires-et-sessions-projet-final","","Conclusion","","139","formulaires-et-sessions-projet-final","formulaires-et-sessions-projet-final/conclusion"
"eloquent-avancé-introduction","introduction","db","eloquent-avancé","","Introduction","","140","eloquent-avancé","eloquent-avancé/introduction"
"eloquent-avancé-mini-projet","mini-projet","db","eloquent-avancé","","Mini-Projet","","141","eloquent-avancé","eloquent-avancé/mini-projet"
"eloquent-avancé-apprentissage","apprentissage","db","eloquent-avancé","","Apprentissage","","142","eloquent-avancé","eloquent-avancé/apprentissage"
"eloquent-avancé-conclusion","conclusion","db","eloquent-avancé","","Conclusion","","149","eloquent-avancé","eloquent-avancé/conclusion"
